<?xml version="1.0" encoding="UTF-8" ?>
<webTalkData  fileName='usage_statistics_webtalk.xml'  majorVersion='1' minorVersion='0' timeStamp='Sat Nov 30 23:15:30 2019'>
<section name="__ROOT__" level="0" order="1" description="">
 <section name="software_version_and_target_device" level="1" order="1" description="">
  <keyValuePair key="beta" value="FALSE" description="" />
  <keyValuePair key="build_version" value="2615518" description="" />
  <keyValuePair key="date_generated" value="Sat Nov 30 23:15:30 2019" description="" />
  <keyValuePair key="os_platform" value="WIN64" description="" />
  <keyValuePair key="product_version" value="Vivado v2019.1.2 (64-bit)" description="" />
  <keyValuePair key="project_id" value="8df5e271ea0042c7b42ebb8631b57506" description="" />
  <keyValuePair key="project_iteration" value="7" description="" />
  <keyValuePair key="random_id" value="fe630544840750b8a62ce3f315381c74" description="" />
  <keyValuePair key="registration_id" value="fe630544840750b8a62ce3f315381c74" description="" />
  <keyValuePair key="route_design" value="TRUE" description="" />
  <keyValuePair key="target_device" value="xc7a100t" description="" />
  <keyValuePair key="target_family" value="artix7" description="" />
  <keyValuePair key="target_package" value="csg324" description="" />
  <keyValuePair key="target_speed" value="-1" description="" />
  <keyValuePair key="tool_flow" value="Vivado" description="" />
 </section>
 <section name="user_environment" level="1" order="2" description="">
  <keyValuePair key="cpu_name" value="Intel(R) Core(TM) i7-8750H CPU @ 2.20GHz" description="" />
  <keyValuePair key="cpu_speed" value="2208 MHz" description="" />
  <keyValuePair key="os_name" value="Windows Server 2016 or Windows 10" description="" />
  <keyValuePair key="os_release" value="major release  (build 9200)" description="" />
  <keyValuePair key="system_ram" value="34.000 GB" description="" />
  <keyValuePair key="total_processors" value="1" description="" />
 </section>
 <section name="ip_statistics" level="1" order="3" description="">
  <section name="clk_wiz_v6_0_3_0_0/1" level="2" order="1" description="">
   <keyValuePair key="clkin1_period" value="10.000" description="" />
   <keyValuePair key="clkin2_period" value="10.000" description="" />
   <keyValuePair key="clock_mgr_type" value="NA" description="" />
   <keyValuePair key="component_name" value="clk_wiz_0" description="" />
   <keyValuePair key="core_container" value="NA" description="" />
   <keyValuePair key="enable_axi" value="0" description="" />
   <keyValuePair key="feedback_source" value="FDBK_AUTO" description="" />
   <keyValuePair key="feedback_type" value="SINGLE" description="" />
   <keyValuePair key="iptotal" value="1" description="" />
   <keyValuePair key="manual_override" value="false" description="" />
   <keyValuePair key="num_out_clk" value="1" description="" />
   <keyValuePair key="primitive" value="MMCM" description="" />
   <keyValuePair key="use_dyn_phase_shift" value="false" description="" />
   <keyValuePair key="use_dyn_reconfig" value="false" description="" />
   <keyValuePair key="use_inclk_stopped" value="false" description="" />
   <keyValuePair key="use_inclk_switchover" value="false" description="" />
   <keyValuePair key="use_locked" value="true" description="" />
   <keyValuePair key="use_max_i_jitter" value="false" description="" />
   <keyValuePair key="use_min_o_jitter" value="false" description="" />
   <keyValuePair key="use_phase_alignment" value="true" description="" />
   <keyValuePair key="use_power_down" value="false" description="" />
   <keyValuePair key="use_reset" value="true" description="" />
  </section>
 </section>
 <section name="synthesis" level="1" order="4" description="">
  <section name="command_line_options" level="2" order="1" description="">
   <keyValuePair key="-assert" value="default::[not_specified]" description="" />
   <keyValuePair key="-bufg" value="default::12" description="" />
   <keyValuePair key="-cascade_dsp" value="default::auto" description="" />
   <keyValuePair key="-constrset" value="default::[not_specified]" description="" />
   <keyValuePair key="-control_set_opt_threshold" value="default::auto" description="" />
   <keyValuePair key="-directive" value="default::default" description="" />
   <keyValuePair key="-fanout_limit" value="default::10000" description="" />
   <keyValuePair key="-flatten_hierarchy" value="default::rebuilt" description="" />
   <keyValuePair key="-fsm_extraction" value="default::auto" description="" />
   <keyValuePair key="-gated_clock_conversion" value="default::off" description="" />
   <keyValuePair key="-generic" value="default::[not_specified]" description="" />
   <keyValuePair key="-include_dirs" value="default::[not_specified]" description="" />
   <keyValuePair key="-keep_equivalent_registers" value="default::[not_specified]" description="" />
   <keyValuePair key="-max_bram" value="default::-1" description="" />
   <keyValuePair key="-max_bram_cascade_height" value="default::-1" description="" />
   <keyValuePair key="-max_dsp" value="default::-1" description="" />
   <keyValuePair key="-max_uram" value="default::-1" description="" />
   <keyValuePair key="-max_uram_cascade_height" value="default::-1" description="" />
   <keyValuePair key="-mode" value="default::default" description="" />
   <keyValuePair key="-name" value="default::[not_specified]" description="" />
   <keyValuePair key="-no_lc" value="default::[not_specified]" description="" />
   <keyValuePair key="-no_srlextract" value="default::[not_specified]" description="" />
   <keyValuePair key="-no_timing_driven" value="default::[not_specified]" description="" />
   <keyValuePair key="-part" value="xc7a100tcsg324-1" description="" />
   <keyValuePair key="-resource_sharing" value="default::auto" description="" />
   <keyValuePair key="-retiming" value="default::[not_specified]" description="" />
   <keyValuePair key="-rtl" value="default::[not_specified]" description="" />
   <keyValuePair key="-rtl_skip_constraints" value="default::[not_specified]" description="" />
   <keyValuePair key="-rtl_skip_ip" value="default::[not_specified]" description="" />
   <keyValuePair key="-seu_protect" value="default::none" description="" />
   <keyValuePair key="-sfcu" value="default::[not_specified]" description="" />
   <keyValuePair key="-shreg_min_size" value="default::3" description="" />
   <keyValuePair key="-top" value="Top" description="" />
   <keyValuePair key="-verilog_define" value="default::[not_specified]" description="" />
  </section>
  <section name="usage" level="2" order="2" description="">
   <keyValuePair key="elapsed" value="00:01:33s" description="" />
   <keyValuePair key="hls_ip" value="0" description="" />
   <keyValuePair key="memory_gain" value="683.621MB" description="" />
   <keyValuePair key="memory_peak" value="1091.277MB" description="" />
  </section>
 </section>
 <section name="unisim_transformation" level="1" order="5" description="">
  <section name="post_unisim_transformation" level="2" order="1" description="">
   <keyValuePair key="bufg" value="2" description="" />
   <keyValuePair key="carry4" value="55" description="" />
   <keyValuePair key="fdce" value="1087" description="" />
   <keyValuePair key="fdre" value="24" description="" />
   <keyValuePair key="fdse" value="1" description="" />
   <keyValuePair key="gnd" value="7" description="" />
   <keyValuePair key="ibuf" value="2" description="" />
   <keyValuePair key="ldce" value="5" description="" />
   <keyValuePair key="lut1" value="38" description="" />
   <keyValuePair key="lut2" value="120" description="" />
   <keyValuePair key="lut3" value="141" description="" />
   <keyValuePair key="lut4" value="126" description="" />
   <keyValuePair key="lut5" value="396" description="" />
   <keyValuePair key="lut6" value="1076" description="" />
   <keyValuePair key="mmcme2_adv" value="1" description="" />
   <keyValuePair key="muxf7" value="318" description="" />
   <keyValuePair key="muxf8" value="90" description="" />
   <keyValuePair key="obuf" value="16" description="" />
   <keyValuePair key="rams32" value="48" description="" />
   <keyValuePair key="vcc" value="6" description="" />
  </section>
  <section name="pre_unisim_transformation" level="2" order="2" description="">
   <keyValuePair key="bufg" value="2" description="" />
   <keyValuePair key="carry4" value="55" description="" />
   <keyValuePair key="fdce" value="1087" description="" />
   <keyValuePair key="fdre" value="24" description="" />
   <keyValuePair key="fdse" value="1" description="" />
   <keyValuePair key="gnd" value="6" description="" />
   <keyValuePair key="ibuf" value="2" description="" />
   <keyValuePair key="ldce" value="4" description="" />
   <keyValuePair key="ldcp" value="1" description="" />
   <keyValuePair key="lut1" value="38" description="" />
   <keyValuePair key="lut2" value="120" description="" />
   <keyValuePair key="lut3" value="139" description="" />
   <keyValuePair key="lut4" value="126" description="" />
   <keyValuePair key="lut5" value="396" description="" />
   <keyValuePair key="lut6" value="1076" description="" />
   <keyValuePair key="mmcme2_adv" value="1" description="" />
   <keyValuePair key="muxf7" value="318" description="" />
   <keyValuePair key="muxf8" value="90" description="" />
   <keyValuePair key="obuf" value="16" description="" />
   <keyValuePair key="ram32x1s" value="48" description="" />
   <keyValuePair key="vcc" value="5" description="" />
  </section>
 </section>
 <section name="vivado_usage" level="1" order="6" description="">
  <section name="gui_handlers" level="2" order="1" description="">
   <keyValuePair key="abstractfileview_reload" value="1" description="" />
   <keyValuePair key="abstractsearchablepanel_show_search" value="4" description="" />
   <keyValuePair key="basedialog_cancel" value="17" description="" />
   <keyValuePair key="basedialog_ok" value="190" description="" />
   <keyValuePair key="basedialog_yes" value="9" description="" />
   <keyValuePair key="boardchooser_board_table" value="1" description="" />
   <keyValuePair key="cmdmsgdialog_messages" value="17" description="" />
   <keyValuePair key="cmdmsgdialog_ok" value="6" description="" />
   <keyValuePair key="commandsinput_type_tcl_command_here" value="28" description="" />
   <keyValuePair key="constraintschooserpanel_add_files" value="1" description="" />
   <keyValuePair key="coretreetablepanel_core_tree_table" value="3" description="" />
   <keyValuePair key="createsrcfiledialog_file_name" value="1" description="" />
   <keyValuePair key="filesetpanel_file_set_panel_tree" value="293" description="" />
   <keyValuePair key="flownavigatortreepanel_flow_navigator_tree" value="102" description="" />
   <keyValuePair key="graphicalview_zoom_fit" value="66" description="" />
   <keyValuePair key="graphicalview_zoom_in" value="132" description="" />
   <keyValuePair key="graphicalview_zoom_out" value="32" description="" />
   <keyValuePair key="hcodeeditor_search_text_combo_box" value="18" description="" />
   <keyValuePair key="hinputhandler_toggle_line_comments" value="9" description="" />
   <keyValuePair key="launchpanel_dont_show_this_dialog_again" value="1" description="" />
   <keyValuePair key="logmonitor_monitor" value="4" description="" />
   <keyValuePair key="msgtreepanel_discard_user_created_messages" value="1" description="" />
   <keyValuePair key="msgtreepanel_message_severity" value="2" description="" />
   <keyValuePair key="msgtreepanel_message_view_tree" value="65" description="" />
   <keyValuePair key="msgview_error_messages" value="1" description="" />
   <keyValuePair key="openfileaction_cancel" value="1" description="" />
   <keyValuePair key="pacommandnames_add_sources" value="11" description="" />
   <keyValuePair key="pacommandnames_auto_connect_target" value="6" description="" />
   <keyValuePair key="pacommandnames_auto_update_hier" value="18" description="" />
   <keyValuePair key="pacommandnames_goto_netlist_design" value="1" description="" />
   <keyValuePair key="pacommandnames_open_hardware_manager" value="6" description="" />
   <keyValuePair key="pacommandnames_run_bitgen" value="7" description="" />
   <keyValuePair key="pacommandnames_set_as_top" value="4" description="" />
   <keyValuePair key="pacommandnames_simulation_live_restart" value="56" description="" />
   <keyValuePair key="pacommandnames_simulation_live_run" value="735" description="" />
   <keyValuePair key="pacommandnames_simulation_run_behavioral" value="67" description="" />
   <keyValuePair key="pacommandnames_simulation_run_post_synthesis_functional" value="3" description="" />
   <keyValuePair key="pacommandnames_write_config_memory_file" value="1" description="" />
   <keyValuePair key="paviews_code" value="13" description="" />
   <keyValuePair key="paviews_ip_catalog" value="1" description="" />
   <keyValuePair key="paviews_project_summary" value="44" description="" />
   <keyValuePair key="programdebugtab_open_target" value="6" description="" />
   <keyValuePair key="programdebugtab_program_device" value="7" description="" />
   <keyValuePair key="programfpgadialog_program" value="7" description="" />
   <keyValuePair key="progressdialog_background" value="3" description="" />
   <keyValuePair key="progressdialog_cancel" value="1" description="" />
   <keyValuePair key="rdicommands_cut" value="1" description="" />
   <keyValuePair key="rdicommands_delete" value="4" description="" />
   <keyValuePair key="rdicommands_paste" value="1" description="" />
   <keyValuePair key="rdicommands_waveform_save_configuration" value="1" description="" />
   <keyValuePair key="rdiviews_waveform_viewer" value="1135" description="" />
   <keyValuePair key="saveprojectutils_save" value="6" description="" />
   <keyValuePair key="settingsprojectgeneralpage_choose_device_for_your_project" value="1" description="" />
   <keyValuePair key="simpleoutputproductdialog_generate_output_products_immediately" value="1" description="" />
   <keyValuePair key="simulationforcesettingsdialog_duty_cycle" value="1" description="" />
   <keyValuePair key="simulationforcesettingsdialog_force_value" value="98" description="" />
   <keyValuePair key="simulationforcesettingsdialog_leading_edge_value" value="41" description="" />
   <keyValuePair key="simulationforcesettingsdialog_period" value="40" description="" />
   <keyValuePair key="simulationforcesettingsdialog_starting_after_time_offset" value="1" description="" />
   <keyValuePair key="simulationforcesettingsdialog_trailing_edge_value" value="38" description="" />
   <keyValuePair key="simulationliverunforcomp_specify_time_and_units" value="48" description="" />
   <keyValuePair key="simulationobjectspanel_simulation_objects_tree_table" value="262" description="" />
   <keyValuePair key="simulationscopespanel_simulate_scope_table" value="164" description="" />
   <keyValuePair key="srcchooserpanel_add_hdl_and_netlist_files_to_your_project" value="12" description="" />
   <keyValuePair key="srcchooserpanel_create_file" value="2" description="" />
   <keyValuePair key="srcmenu_ip_hierarchy" value="20" description="" />
   <keyValuePair key="srcmenu_refresh_hierarchy" value="4" description="" />
   <keyValuePair key="syntheticagettingstartedview_recent_projects" value="1" description="" />
   <keyValuePair key="taskbanner_close" value="8" description="" />
   <keyValuePair key="tclconsoleview_tcl_console_code_editor" value="136" description="" />
   <keyValuePair key="waveformnametree_waveform_name_tree" value="733" description="" />
   <keyValuePair key="waveformview_goto_cursor" value="2" description="" />
   <keyValuePair key="waveformview_goto_last_time" value="2" description="" />
   <keyValuePair key="waveformview_goto_time_0" value="1" description="" />
  </section>
  <section name="java_command_handlers" level="2" order="2" description="">
   <keyValuePair key="addsources" value="11" description="" />
   <keyValuePair key="autoconnecttarget" value="6" description="" />
   <keyValuePair key="closeproject" value="1" description="" />
   <keyValuePair key="coreview" value="1" description="" />
   <keyValuePair key="customizecore" value="1" description="" />
   <keyValuePair key="editdelete" value="4" description="" />
   <keyValuePair key="launchprogramfpga" value="7" description="" />
   <keyValuePair key="openhardwaremanager" value="6" description="" />
   <keyValuePair key="recustomizecore" value="1" description="" />
   <keyValuePair key="runbitgen" value="7" description="" />
   <keyValuePair key="runimplementation" value="8" description="" />
   <keyValuePair key="runsynthesis" value="4" description="" />
   <keyValuePair key="settopnode" value="4" description="" />
   <keyValuePair key="showview" value="9" description="" />
   <keyValuePair key="simulationclose" value="2" description="" />
   <keyValuePair key="simulationrestart" value="55" description="" />
   <keyValuePair key="simulationrun" value="66" description="" />
   <keyValuePair key="simulationrunfortime" value="676" description="" />
   <keyValuePair key="toolssettings" value="1" description="" />
   <keyValuePair key="waveformsaveconfiguration" value="1" description="" />
  </section>
  <section name="other_data" level="2" order="3" description="">
   <keyValuePair key="guimode" value="12" description="" />
  </section>
  <section name="project_data" level="2" order="4" description="">
   <keyValuePair key="constraintsetcount" value="1" description="" />
   <keyValuePair key="core_container" value="false" description="" />
   <keyValuePair key="currentimplrun" value="impl_2" description="" />
   <keyValuePair key="currentsynthesisrun" value="synth_2" description="" />
   <keyValuePair key="default_library" value="xil_defaultlib" description="" />
   <keyValuePair key="designmode" value="RTL" description="" />
   <keyValuePair key="export_simulation_activehdl" value="1" description="" />
   <keyValuePair key="export_simulation_ies" value="1" description="" />
   <keyValuePair key="export_simulation_modelsim" value="1" description="" />
   <keyValuePair key="export_simulation_questa" value="1" description="" />
   <keyValuePair key="export_simulation_riviera" value="1" description="" />
   <keyValuePair key="export_simulation_vcs" value="1" description="" />
   <keyValuePair key="export_simulation_xsim" value="1" description="" />
   <keyValuePair key="implstrategy" value="Vivado Implementation Defaults" description="" />
   <keyValuePair key="launch_simulation_activehdl" value="0" description="" />
   <keyValuePair key="launch_simulation_ies" value="0" description="" />
   <keyValuePair key="launch_simulation_modelsim" value="0" description="" />
   <keyValuePair key="launch_simulation_questa" value="0" description="" />
   <keyValuePair key="launch_simulation_riviera" value="0" description="" />
   <keyValuePair key="launch_simulation_vcs" value="0" description="" />
   <keyValuePair key="launch_simulation_xsim" value="124" description="" />
   <keyValuePair key="simulator_language" value="Mixed" description="" />
   <keyValuePair key="srcsetcount" value="16" description="" />
   <keyValuePair key="synthesisstrategy" value="Vivado Synthesis Defaults" description="" />
   <keyValuePair key="target_language" value="VHDL" description="" />
   <keyValuePair key="target_simulator" value="XSim" description="" />
   <keyValuePair key="totalimplruns" value="3" description="" />
   <keyValuePair key="totalsynthesisruns" value="3" description="" />
  </section>
 </section>
 <section name="xsim" level="1" order="7" description="">
  <section name="command_line_options" level="2" order="1" description="">
   <keyValuePair key="-sim_mode" value="default::behavioral" description="" />
   <keyValuePair key="-sim_type" value="default::" description="" />
  </section>
 </section>
</section>
</webTalkData>
